symbol,entry_date,exit_date,entry_price,exit_price,pct_return,p_up,auroc_at_entry,direction,hold_bars
AAPL,2022-05-26,2022-06-28,137.39,142.17,3.479,0.7107,0.6103,UP,21
AAPL,2022-06-28,2022-07-28,142.17,156.98,10.417,0.875,0.5514,UP,21
AAPL,2022-12-16,2023-01-19,136.69,134.09,-1.902,0.7608,0.5192,UP,21
AAPL,2023-01-27,2023-02-28,143.18,147.05,2.703,0.973,0.6104,UP,21
AAPL,2023-02-28,2023-03-29,147.05,159.37,8.378,0.9873,0.6036,UP,21
AAPL,2023-03-29,2023-04-28,159.37,168.48,5.716,0.9716,0.5165,UP,21
AAPL,2023-05-30,2023-06-29,176.99,189.01,6.791,0.9809,0.5154,UP,21
AAPL,2023-07-03,2023-08-02,193.71,195.04,0.687,0.6043,0.5471,UP,21
AAPL,2023-09-06,2023-10-05,188.4,173.74,-7.781,0.5237,0.5217,UP,21
MSFT,2022-06-29,2022-07-29,257.59,277.66,7.791,0.5333,0.6009,UP,21
MSFT,2022-08-22,2022-09-21,282.07,244.37,-13.365,0.6907,0.5446,UP,21
MSFT,2023-05-04,2023-06-05,306.46,335.22,9.385,0.7601,0.5303,UP,21
MSFT,2023-12-28,2024-01-30,375.32,412.26,9.842,0.9591,0.5144,UP,21
AMZN,2022-05-26,2022-06-28,108.19,113.4,4.816,0.9821,0.7509,UP,21
AMZN,2022-06-28,2022-07-28,113.4,121.57,7.205,0.7503,0.823,UP,21
AMZN,2022-07-28,2022-08-26,121.57,136.58,12.347,0.5792,0.7872,UP,21
AMZN,2022-09-21,2022-10-20,122.49,113.85,-7.054,0.7962,0.781,UP,21
AMZN,2022-10-20,2022-11-18,113.85,95.85,-15.81,0.9024,0.8094,UP,21
AMZN,2022-11-21,2022-12-21,93.97,86.17,-8.301,0.8296,0.7878,UP,21
AMZN,2022-12-27,2023-01-27,84.99,99.58,17.167,0.902,0.7071,UP,21
AMZN,2023-02-28,2023-03-29,93.2,98.68,5.88,0.9078,0.6745,UP,21
AMZN,2023-03-29,2023-04-28,98.68,107.73,9.171,0.9747,0.6289,UP,21
AMZN,2023-05-03,2023-06-02,103.73,124.92,20.428,0.6008,0.5977,UP,21
AMZN,2023-06-02,2023-07-05,124.92,130.31,4.315,0.7101,0.5823,UP,21
AMZN,2023-07-05,2023-08-03,130.31,127.55,-2.118,0.5001,0.6121,UP,21
AMZN,2023-08-03,2023-09-01,127.55,139.41,9.298,0.8533,0.5968,UP,21
AMZN,2023-09-01,2023-10-03,139.41,128.17,-8.063,0.6079,0.5848,UP,21
AMZN,2023-10-06,2023-11-06,124.19,138.76,11.732,0.6743,0.6438,UP,21
AMZN,2023-12-19,2024-01-22,154.4,156.99,1.677,0.6061,0.6454,UP,21
AMZN,2024-01-22,2024-02-21,156.99,168.94,7.612,0.7627,0.6062,UP,21
AMZN,2024-02-21,2024-03-21,168.94,179.97,6.529,0.8699,0.6009,UP,21
AMZN,2024-03-21,2024-04-22,179.97,176.94,-1.684,0.933,0.59,UP,21
AMZN,2024-04-22,2024-05-21,176.94,182.13,2.933,0.9471,0.5805,UP,21
AMZN,2024-05-21,2024-06-21,182.13,187.8,3.113,0.865,0.6026,UP,21
AMZN,2024-06-21,2024-07-23,187.8,184.1,-1.97,0.994,0.5635,UP,21
AMZN,2024-07-23,2024-08-21,184.1,179.89,-2.287,0.9261,0.5812,UP,21
AMZN,2024-08-21,2024-09-20,179.89,190.28,5.776,0.5004,0.5648,UP,21
AMZN,2024-10-18,2024-11-18,187.14,204.16,9.095,0.5116,0.603,UP,21
AMZN,2024-11-21,2024-12-23,203.03,225.0,10.821,0.582,0.5776,UP,21
AMZN,2024-12-23,2025-01-27,225.0,226.27,0.564,0.6853,0.5495,UP,21
AMZN,2025-01-27,2025-02-26,226.27,214.94,-5.007,0.7365,0.5714,UP,21
AMZN,2025-02-26,2025-03-27,214.94,200.67,-6.639,0.5887,0.5687,UP,21
AMZN,2025-03-27,2025-04-28,200.67,190.11,-5.262,0.9683,0.5123,UP,21
AMZN,2025-04-28,2025-05-28,190.11,205.92,8.316,0.8006,0.5144,UP,21
AMZN,2025-07-03,2025-08-04,221.82,217.44,-1.975,0.8337,0.5192,UP,21
AMZN,2025-10-13,2025-11-11,217.72,248.38,14.082,0.5247,0.534,UP,21
AMZN,2025-11-14,2025-12-16,234.99,223.03,-5.09,0.6211,0.5295,UP,21
AMZN,2025-12-16,2026-01-16,223.03,239.06,7.187,0.6987,0.5222,UP,21
JPM,2022-06-13,2022-07-14,116.86,107.99,-7.59,0.7778,0.6268,UP,21
JPM,2022-07-14,2022-08-12,107.99,120.67,11.742,0.9691,0.5689,UP,21
JPM,2022-08-26,2022-09-27,119.46,107.75,-9.802,0.8533,0.6081,UP,21
JPM,2022-09-27,2022-10-26,107.75,123.0,14.153,0.8683,0.6475,UP,21
JPM,2022-10-26,2022-11-25,123.0,136.48,10.959,0.7323,0.6395,UP,21
JPM,2022-11-25,2022-12-27,136.48,131.57,-3.598,0.5963,0.6106,UP,21
JPM,2022-12-27,2023-01-27,131.57,140.61,6.871,0.9499,0.5802,UP,21
JPM,2023-01-27,2023-02-28,140.61,142.97,1.678,0.8202,0.5666,UP,21
JPM,2023-03-29,2023-04-28,130.1,136.56,4.965,0.9365,0.5887,UP,21
JPM,2023-05-15,2023-06-14,134.25,142.93,6.466,0.5324,0.5841,UP,21
JPM,2023-06-29,2023-07-31,140.07,157.18,12.215,0.7852,0.5823,UP,21
JPM,2023-08-29,2023-09-28,147.71,146.28,-0.968,0.9204,0.5324,UP,21
JPM,2023-10-02,2023-10-31,144.83,137.71,-4.916,0.5497,0.5626,UP,21
JPM,2023-10-31,2023-11-30,137.71,154.85,12.446,0.8148,0.5605,UP,21
JPM,2023-11-30,2024-01-02,154.85,169.09,9.196,0.971,0.5783,UP,21
JPM,2024-01-02,2024-02-01,169.09,173.64,2.691,0.7037,0.5718,UP,21
JPM,2024-02-01,2024-03-04,173.64,184.71,6.375,0.5578,0.5346,UP,21
JPM,2024-04-01,2024-04-30,199.99,192.81,-3.59,0.5252,0.5387,UP,21
JPM,2024-05-06,2024-06-05,191.58,199.76,4.27,0.5684,0.5685,UP,21
JPM,2024-06-07,2024-07-10,197.43,206.14,4.412,0.54,0.5275,UP,21
JPM,2024-07-10,2024-08-08,206.14,202.47,-1.78,0.8331,0.528,UP,21
JPM,2024-08-08,2024-09-09,202.47,215.19,6.282,0.8477,0.5447,UP,21
JPM,2024-09-09,2024-10-08,215.19,210.58,-2.142,0.7964,0.5121,UP,21
JPM,2024-10-09,2024-11-07,209.7,244.5,16.595,0.525,0.5399,UP,21
JPM,2025-05-02,2025-06-03,251.26,263.73,4.963,0.7451,0.5119,UP,21
JPM,2025-07-09,2025-08-07,287.18,292.94,2.006,0.5324,0.5132,UP,21
JPM,2025-08-07,2025-09-08,292.94,294.89,0.666,0.9032,0.5165,UP,21
JPM,2025-09-08,2025-10-07,294.89,309.35,4.904,0.9804,0.515,UP,21
JPM,2025-10-07,2025-11-05,309.35,309.61,0.084,0.9076,0.5102,UP,21
JPM,2025-11-05,2025-12-05,309.61,315.64,1.948,0.9373,0.5516,UP,21
JPM,2025-12-05,2026-01-07,315.64,331.14,4.911,0.9089,0.5327,UP,21
JPM,2026-01-09,2026-02-10,329.34,322.55,-2.062,0.5666,0.5245,UP,21
JPM,2026-02-13,2026-03-16,298.52,286.34,-4.08,0.5961,0.5198,UP,20
XOM,2022-06-14,2022-07-15,97.41,84.8,-12.945,0.5141,0.5955,UP,21
XOM,2022-07-15,2022-08-15,84.8,90.53,6.757,0.7183,0.6552,UP,21
XOM,2022-08-29,2022-09-28,98.18,86.12,-12.284,0.6272,0.7018,UP,21
XOM,2022-09-28,2022-10-27,86.12,108.41,25.882,0.76,0.7362,UP,21
XOM,2022-12-02,2023-01-04,109.51,104.8,-4.301,0.7767,0.7834,UP,21
XOM,2023-01-04,2023-02-03,104.8,111.9,6.775,0.9936,0.869,UP,21
XOM,2023-02-03,2023-03-07,111.9,112.81,0.813,0.775,0.7055,UP,21
XOM,2023-03-07,2023-04-05,112.81,115.35,2.252,0.5454,0.5132,UP,21
XOM,2023-04-05,2023-05-05,115.35,108.55,-5.895,0.8771,0.524,UP,21
XOM,2023-05-05,2023-06-06,108.55,104.15,-4.053,0.8286,0.5237,UP,21
XOM,2023-07-31,2023-08-29,105.19,109.66,4.249,0.7768,0.6179,UP,21
XOM,2023-08-29,2023-09-28,109.66,119.98,9.411,0.9854,0.5397,UP,21
XOM,2023-10-05,2023-11-03,109.8,108.66,-1.038,0.565,0.5641,UP,21
XOM,2024-07-01,2024-07-31,115.7,119.64,3.405,0.7277,0.5215,UP,21
XOM,2024-09-30,2024-10-29,115.46,118.58,2.702,0.8067,0.621,UP,21
XOM,2024-12-30,2025-01-31,106.3,110.55,3.998,0.7813,0.5486,UP,21
XOM,2025-01-31,2025-03-04,110.55,106.36,-3.79,0.851,0.5328,UP,21
XOM,2025-03-04,2025-04-02,106.36,118.39,11.311,0.8947,0.5205,UP,21
XOM,2025-04-11,2025-05-13,100.07,109.32,9.244,0.5586,0.5107,UP,21
UNH,2022-05-26,2022-06-28,501.74,512.08,2.061,0.6402,0.6427,UP,21
UNH,2022-06-28,2022-07-28,512.08,537.49,4.962,0.9845,0.6266,UP,21
UNH,2022-08-26,2022-09-27,542.26,510.37,-5.881,0.6874,0.741,UP,21
UNH,2022-09-27,2022-10-26,510.37,541.38,6.076,0.9961,0.6402,UP,21
UNH,2022-10-28,2022-11-29,544.97,531.67,-2.441,0.5076,0.6183,UP,21
UNH,2023-03-14,2023-04-13,464.65,523.91,12.754,0.5689,0.5214,UP,21
UNH,2023-04-25,2023-05-24,492.68,480.61,-2.45,0.5908,0.6232,UP,21
UNH,2023-05-24,2023-06-26,480.61,478.14,-0.514,0.7539,0.6461,UP,21
UNH,2023-06-26,2023-07-26,478.14,511.54,6.985,0.5048,0.6574,UP,21
UNH,2023-08-08,2023-09-07,503.0,479.9,-4.592,0.5074,0.6821,UP,21
UNH,2023-09-07,2023-10-06,479.9,516.45,7.616,0.6044,0.6723,UP,21
UNH,2023-11-08,2023-12-08,540.0,550.22,1.893,0.565,0.5548,UP,21
UNH,2023-12-14,2024-01-17,544.3,521.28,-4.229,0.7103,0.5973,UP,21
UNH,2024-01-17,2024-02-15,521.28,517.34,-0.756,0.5498,0.559,UP,21
UNH,2024-03-04,2024-04-03,483.24,462.0,-4.395,0.5011,0.5461,UP,21
UNH,2024-04-03,2024-05-02,462.0,484.28,4.823,0.8981,0.5399,UP,21
UNH,2024-06-04,2024-07-05,498.56,489.0,-1.918,0.5349,0.5399,UP,21
UNH,2024-07-05,2024-08-05,489.0,582.12,19.043,0.941,0.536,UP,21
UNH,2024-08-05,2024-09-04,582.12,600.0,3.072,0.7321,0.5509,UP,21
UNH,2024-10-16,2024-11-14,557.01,603.48,8.343,0.984,0.5196,UP,21
UNH,2024-12-06,2025-01-08,582.11,514.5,-11.615,0.9079,0.5596,UP,21
UNH,2025-01-08,2025-02-10,514.5,527.67,2.56,0.7357,0.5545,UP,21
UNH,2025-02-19,2025-03-20,501.33,505.25,0.782,0.7131,0.5524,UP,21
UNH,2025-04-21,2025-05-20,449.76,320.92,-28.646,0.943,0.5628,UP,21
UNH,2025-05-20,2025-06-20,320.92,309.5,-3.559,0.6939,0.556,UP,21
UNH,2025-06-20,2025-07-22,309.5,282.63,-8.682,0.597,0.5722,UP,21
UNH,2025-07-29,2025-08-27,265.98,301.05,13.185,0.5632,0.5511,UP,21
UNH,2025-09-03,2025-10-02,308.11,347.29,12.716,0.7891,0.5478,UP,21
UNH,2025-10-02,2025-10-31,347.29,344.39,-0.835,0.917,0.5317,UP,21
UNH,2025-11-04,2025-12-04,327.63,339.4,3.592,0.653,0.5213,UP,21
UNH,2026-01-28,2026-02-27,283.72,284.7,0.345,0.5812,0.5101,UP,21
JNJ,2022-05-26,2022-06-28,181.0,182.17,0.646,0.9696,0.5257,UP,21
JNJ,2022-07-01,2022-08-02,177.45,175.01,-1.375,0.5785,0.6989,UP,21
JNJ,2022-08-26,2022-09-27,167.46,166.36,-0.657,0.8657,0.5292,UP,21
JNJ,2024-12-05,2025-01-07,150.0,143.75,-4.167,0.529,0.5204,UP,21
JNJ,2025-02-03,2025-03-05,152.0,164.51,8.23,0.6673,0.5294,UP,21
NVDA,2022-09-06,2022-10-05,13.72,12.92,-5.831,0.5759,0.5838,UP,21
NVDA,2022-10-10,2022-11-08,12.04,14.8,22.924,0.5991,0.5136,UP,21
NVDA,2022-12-27,2023-01-27,15.07,19.46,29.131,0.5808,0.5172,UP,21
NVDA,2023-04-13,2023-05-12,26.73,28.53,6.734,0.6587,0.5384,UP,21
NVDA,2023-05-12,2023-06-13,28.53,40.17,40.799,0.9742,0.6812,UP,21
NVDA,2023-06-13,2023-07-14,40.17,46.58,15.957,0.543,0.6541,UP,21
NVDA,2023-07-14,2023-08-14,46.58,40.52,-13.01,0.9167,0.6425,UP,21
NVDA,2023-08-14,2023-09-13,40.52,44.6,10.069,0.9856,0.5316,UP,21
NVDA,2023-09-28,2023-10-27,42.47,41.13,-3.155,0.7758,0.5293,UP,21
NVDA,2023-10-27,2023-11-28,41.13,48.24,17.287,0.8266,0.5488,UP,21
NVDA,2023-12-01,2024-01-03,46.52,47.47,2.042,0.9035,0.5337,UP,21
NVDA,2024-01-03,2024-02-02,47.47,63.97,34.759,0.9416,0.5567,UP,21
NVDA,2024-02-02,2024-03-05,63.97,85.24,33.25,0.5827,0.5761,UP,21
NVDA,2024-03-05,2024-04-04,85.24,90.42,6.077,0.7659,0.5788,UP,21
NVDA,2024-04-04,2024-05-03,90.42,87.79,-2.909,0.8824,0.604,UP,21
NVDA,2024-05-03,2024-06-04,87.79,115.7,31.792,0.6641,0.6328,UP,21
NVDA,2024-06-04,2024-07-05,115.7,127.3,10.026,0.6549,0.5922,UP,21
NVDA,2024-07-18,2024-08-16,121.89,121.94,0.041,0.7995,0.564,UP,21
NVDA,2024-09-09,2024-10-08,104.86,130.24,24.204,0.5829,0.5363,UP,21
NVDA,2025-08-04,2025-09-03,175.16,171.05,-2.346,0.6299,0.5132,UP,21
NVDA,2025-09-03,2025-10-02,171.05,189.61,10.851,0.9209,0.528,UP,21
NVDA,2025-10-02,2025-10-31,189.61,206.45,8.881,0.8233,0.534,UP,21
NVDA,2025-10-31,2025-12-02,206.45,181.77,-11.954,0.5664,0.5358,UP,21
NVDA,2025-12-02,2026-01-02,181.77,189.84,4.44,0.9166,0.5247,UP,21
NVDA,2026-01-02,2026-02-03,189.84,186.23,-1.902,0.825,0.5258,UP,21
NVDA,2026-02-03,2026-03-05,186.23,181.17,-2.717,0.9795,0.5309,UP,21
